order_id,customer_id,product_id,order_date,quantity
35001,8270,3512,"2024-08-14 00:00:00",4
35002,9758,3168,"2024-08-05 00:00:00",3
35003,9935,3397,"2024-04-26 00:00:00",3
35004,9029,3134,"2024-05-05 00:00:00",3
35005,10133,3279,"2024-04-03 00:00:00",4
35006,8125,3188,"2024-10-04 00:00:00",1
35007,8455,3424,"2024-06-20 00:00:00",5
35008,8639,2658,"2025-01-04 00:00:00",1
35009,9081,3109,"2024-09-27 00:00:00",5
35010,8890,3260,"2024-07-30 00:00:00",3
35011,7860,2663,"2024-07-17 00:00:00",1
35012,9646,3446,"2024-07-21 00:00:00",3
35013,8493,3360,"2024-06-22 00:00:00",2
35014,10216,2943,"2024-12-01 00:00:00",4
35015,9915,2645,"2024-06-26 00:00:00",3
35016,9637,2719,"2024-10-16 00:00:00",1
35017,9011,3237,"2024-11-06 00:00:00",2
35018,9067,3448,"2024-10-08 00:00:00",5
35019,8619,2651,"2024-03-12 00:00:00",3
35020,8455,3096,"2024-02-04 00:00:00",3
35021,8177,3503,"2024-11-23 00:00:00",3
35022,10003,2929,"2024-03-01 00:00:00",1
35023,9338,3231,"2024-12-13 00:00:00",3
35024,10317,2668,"2024-03-28 00:00:00",5
35025,9194,3095,"2024-11-14 00:00:00",1
35026,9917,3499,"2024-09-28 00:00:00",2
35027,9799,3328,"2024-08-25 00:00:00",3
35028,7992,2753,"2024-05-20 00:00:00",3
35029,8799,3090,"2024-04-20 00:00:00",3
35030,10227,2779,"2024-08-07 00:00:00",1
35031,9744,2845,"2024-11-11 00:00:00",4
35032,10254,3065,"2024-09-21 00:00:00",5
35033,8514,3472,"2024-04-23 00:00:00",2
35034,9731,3124,"2024-08-27 00:00:00",5
35035,8879,2737,"2024-04-04 00:00:00",3
35036,9965,2780,"2024-01-18 00:00:00",3
35037,9704,2924,"2024-08-19 00:00:00",2
35038,9632,3328,"2024-04-20 00:00:00",5
35039,10301,3023,"2024-11-07 00:00:00",2
35040,9943,3092,"2024-08-16 00:00:00",2
35041,8661,3385,"2024-08-02 00:00:00",5
35042,9563,2899,"2024-02-11 00:00:00",1
35043,8293,2755,"2025-01-01 00:00:00",4
35044,8930,2993,"2024-09-14 00:00:00",1
35045,8169,3251,"2024-06-30 00:00:00",1
35046,8168,3208,"2024-09-20 00:00:00",2
35047,9197,3001,"2024-10-11 00:00:00",5
35048,10308,2729,"2024-05-31 00:00:00",2
35049,9370,3083,"2024-10-21 00:00:00",1
35050,9839,3001,"2024-05-24 00:00:00",2
35051,9938,3178,"2024-04-05 00:00:00",2
35052,7966,3396,"2024-04-20 00:00:00",1
35053,8902,3313,"2024-09-20 00:00:00",1
35054,8809,3088,"2024-09-10 00:00:00",2
35055,8963,3071,"2024-02-03 00:00:00",1
35056,8294,3200,"2024-03-10 00:00:00",5
35057,10076,2971,"2024-09-25 00:00:00",1
35058,10207,2896,"2024-04-23 00:00:00",3
35059,9354,2724,"2024-04-23 00:00:00",4
35060,9684,2842,"2024-03-08 00:00:00",1
35061,10273,2864,"2024-11-15 00:00:00",2
35062,10330,3405,"2024-04-05 00:00:00",4
35063,9572,2906,"2024-08-08 00:00:00",1
35064,8188,3278,"2024-05-28 00:00:00",1
35065,9086,3103,"2024-12-31 00:00:00",1
35066,8969,3094,"2024-11-15 00:00:00",2
35067,8847,3229,"2024-03-31 00:00:00",2
35068,8951,2755,"2024-01-20 00:00:00",2
35069,9333,2761,"2024-05-25 00:00:00",4
35070,8116,3099,"2025-01-04 00:00:00",2
35071,9050,2675,"2024-10-17 00:00:00",5
35072,8199,3060,"2024-09-16 00:00:00",2
35073,7959,2813,"2024-03-22 00:00:00",4
35074,10144,3375,"2024-07-14 00:00:00",5
35075,9532,3508,"2024-04-30 00:00:00",5
35076,8267,2885,"2024-03-10 00:00:00",3
35077,9865,3132,"2024-11-25 00:00:00",2
35078,9445,3292,"2024-03-18 00:00:00",5
35079,10025,2785,"2024-10-28 00:00:00",2
35080,10225,2879,"2024-05-27 00:00:00",2
35081,9008,3255,"2024-02-23 00:00:00",1
35082,8609,3350,"2024-06-05 00:00:00",3
35083,10114,3517,"2024-08-21 00:00:00",5
35084,8166,2770,"2024-07-01 00:00:00",5
35085,9662,2819,"2024-10-30 00:00:00",3
35086,9919,2979,"2024-12-07 00:00:00",1
35087,8665,2719,"2024-07-19 00:00:00",4
35088,9475,2802,"2024-02-02 00:00:00",3
35089,10164,3396,"2024-03-30 00:00:00",1
35090,9908,2985,"2024-04-23 00:00:00",3
35091,8761,2909,"2024-06-11 00:00:00",5
35092,9873,2654,"2025-01-02 00:00:00",5
35093,8041,2938,"2024-02-15 00:00:00",2
35094,9813,3041,"2024-06-29 00:00:00",4
35095,8782,3128,"2024-11-03 00:00:00",5
35096,8945,3213,"2024-10-19 00:00:00",3
35097,7948,3295,"2024-01-20 00:00:00",3
35098,8398,3461,"2024-10-27 00:00:00",2
35099,7885,3302,"2024-02-18 00:00:00",2
35100,9155,3392,"2024-05-12 00:00:00",1
35101,9333,3016,"2024-07-01 00:00:00",1
35102,8455,2785,"2024-04-26 00:00:00",3
35103,8398,2810,"2024-04-11 00:00:00",4
35104,8303,2875,"2024-08-24 00:00:00",4
35105,8478,3213,"2024-03-10 00:00:00",4
35106,8565,2985,"2024-04-29 00:00:00",3
35107,8326,3326,"2024-04-16 00:00:00",2
35108,10156,2881,"2024-09-19 00:00:00",1
35109,9960,3396,"2024-08-20 00:00:00",1
35110,9122,3314,"2024-03-20 00:00:00",3
35111,8392,3124,"2024-03-03 00:00:00",1
35112,8692,2889,"2024-01-25 00:00:00",1
35113,9245,2907,"2024-02-28 00:00:00",1
35114,8036,3317,"2024-03-28 00:00:00",1
35115,9942,3104,"2024-06-16 00:00:00",4
35116,8958,2960,"2024-12-12 00:00:00",1
35117,8121,3296,"2024-02-23 00:00:00",2
35118,9674,3371,"2024-05-24 00:00:00",3
35119,9281,2735,"2024-05-26 00:00:00",4
35120,9399,3361,"2024-10-24 00:00:00",1
35121,9031,2760,"2024-11-09 00:00:00",1
35122,8467,3066,"2024-02-15 00:00:00",4
35123,8372,2820,"2024-08-05 00:00:00",3
35124,9034,3350,"2024-01-12 00:00:00",4
35125,7974,3010,"2024-10-01 00:00:00",3
35126,10227,2641,"2024-11-02 00:00:00",1
35127,10250,2968,"2024-11-12 00:00:00",1
35128,8088,3385,"2024-05-27 00:00:00",4
35129,8543,2811,"2025-01-05 00:00:00",4
35130,7908,2801,"2024-12-29 00:00:00",1
35131,10281,3201,"2024-05-29 00:00:00",2
35132,7925,2695,"2024-03-13 00:00:00",1
35133,7891,2971,"2024-07-14 00:00:00",3
35134,8788,3049,"2024-09-16 00:00:00",5
35135,8752,3227,"2024-06-10 00:00:00",1
35136,8104,3472,"2024-03-16 00:00:00",3
35137,7944,2946,"2024-10-20 00:00:00",4
35138,9553,3515,"2024-10-30 00:00:00",5
35139,9259,2985,"2024-07-04 00:00:00",2
35140,8079,3362,"2024-09-30 00:00:00",1
35141,9850,2693,"2024-02-15 00:00:00",3
35142,8447,2728,"2024-02-28 00:00:00",4
35143,8213,3482,"2024-02-04 00:00:00",2
35144,8525,3073,"2024-10-28 00:00:00",4
35145,8760,2843,"2024-06-19 00:00:00",2
35146,8187,2821,"2024-11-25 00:00:00",2
35147,10193,2913,"2024-12-07 00:00:00",1
35148,8446,2681,"2024-04-20 00:00:00",4
35149,8782,2695,"2024-02-20 00:00:00",1
35150,8466,3314,"2024-02-06 00:00:00",2
35151,8177,3283,"2024-10-12 00:00:00",2
35152,7880,3506,"2025-01-07 00:00:00",2
35153,9653,3269,"2024-12-02 00:00:00",5
35154,9735,3038,"2024-05-12 00:00:00",2
35155,10178,3169,"2024-06-28 00:00:00",4
35156,10248,3319,"2024-09-24 00:00:00",1
35157,10098,3346,"2024-03-03 00:00:00",2
35158,9071,2806,"2024-09-23 00:00:00",5
35159,8790,2873,"2024-11-15 00:00:00",1
35160,8944,2679,"2024-02-23 00:00:00",3
35161,9330,2837,"2024-12-07 00:00:00",5
35162,9919,3148,"2024-02-12 00:00:00",5
35163,9270,2941,"2024-06-13 00:00:00",2
35164,9865,2641,"2024-04-30 00:00:00",4
35165,9499,3412,"2024-03-18 00:00:00",1
35166,8978,3509,"2024-03-08 00:00:00",1
35167,8448,2717,"2024-11-29 00:00:00",3
35168,9381,3297,"2024-09-14 00:00:00",4
35169,8010,3330,"2024-11-03 00:00:00",2
35170,8063,2656,"2024-09-06 00:00:00",4
35171,8994,2935,"2024-03-25 00:00:00",2
35172,8692,2702,"2024-03-08 00:00:00",1
35173,8329,3466,"2024-02-03 00:00:00",3
35174,8772,3494,"2024-01-30 00:00:00",3
35175,9983,3051,"2024-07-28 00:00:00",4
35176,8492,3387,"2024-09-26 00:00:00",5
35177,10321,3187,"2024-04-01 00:00:00",2
35178,10250,2966,"2024-06-11 00:00:00",2
35179,8935,2768,"2024-04-01 00:00:00",1
35180,10078,2768,"2024-06-04 00:00:00",1
35181,8435,3138,"2024-09-08 00:00:00",1
35182,9498,3143,"2024-06-01 00:00:00",3
35183,10305,2997,"2024-10-18 00:00:00",4
35184,9206,2890,"2024-10-20 00:00:00",5
35185,7872,2720,"2024-11-09 00:00:00",3
35186,8463,2890,"2024-07-01 00:00:00",4
35187,10281,3158,"2024-07-21 00:00:00",4
35188,7966,2665,"2024-07-30 00:00:00",4
35189,10215,2651,"2024-07-18 00:00:00",2
35190,9580,2699,"2024-11-29 00:00:00",4
35191,8912,3086,"2024-11-22 00:00:00",4
35192,9554,3167,"2024-08-10 00:00:00",2
35193,9531,2995,"2024-12-07 00:00:00",4
35194,10151,2720,"2024-01-11 00:00:00",3
35195,8635,2825,"2024-05-07 00:00:00",2
35196,9146,3156,"2024-04-30 00:00:00",2
35197,8014,3494,"2024-06-04 00:00:00",1
35198,9477,2668,"2024-04-02 00:00:00",4
35199,7918,3314,"2024-02-27 00:00:00",5
35200,8688,2684,"2024-04-30 00:00:00",3
35201,8008,3236,"2024-05-06 00:00:00",2
35202,8369,2888,"2024-09-20 00:00:00",2
35203,10270,2904,"2024-09-30 00:00:00",3
35204,9969,3466,"2024-10-18 00:00:00",5
35205,10325,2760,"2024-03-26 00:00:00",4
35206,9329,3471,"2024-11-26 00:00:00",4
35207,9873,3001,"2024-11-04 00:00:00",5
35208,10247,3422,"2024-09-06 00:00:00",3
35209,9059,3398,"2024-05-31 00:00:00",5
35210,9223,2839,"2024-03-20 00:00:00",4
35211,9228,3011,"2024-03-13 00:00:00",4
35212,10220,3162,"2024-07-22 00:00:00",5
35213,9534,3417,"2024-03-09 00:00:00",1
35214,8355,3517,"2024-05-30 00:00:00",1
35215,9259,3511,"2024-04-18 00:00:00",5
35216,9608,3006,"2024-01-11 00:00:00",4
35217,8136,3383,"2024-08-03 00:00:00",4
35218,9506,2786,"2024-09-10 00:00:00",1
35219,9215,3123,"2024-05-24 00:00:00",3
35220,9551,3354,"2024-04-25 00:00:00",3
35221,9677,2818,"2024-10-02 00:00:00",5
35222,7945,3018,"2024-12-12 00:00:00",3
35223,10168,3167,"2024-01-18 00:00:00",2
35224,8998,3073,"2024-05-05 00:00:00",1
35225,9598,2898,"2024-11-29 00:00:00",2
35226,8024,3344,"2024-01-18 00:00:00",2
35227,7890,3152,"2024-04-02 00:00:00",4
35228,9655,3120,"2024-02-13 00:00:00",2
35229,8778,3186,"2024-10-10 00:00:00",4
35230,9999,2670,"2024-12-07 00:00:00",5
35231,8945,3479,"2024-09-09 00:00:00",5
35232,8403,2861,"2024-10-13 00:00:00",2
35233,8603,2843,"2024-01-16 00:00:00",2
35234,8472,3006,"2024-12-01 00:00:00",4
35235,9419,3289,"2024-12-28 00:00:00",1
35236,9468,3139,"2024-11-23 00:00:00",3
35237,9072,2850,"2024-06-27 00:00:00",3
35238,9324,2939,"2024-05-16 00:00:00",2
35239,9265,3227,"2024-03-30 00:00:00",2
35240,10247,3322,"2024-10-22 00:00:00",4
35241,9943,2772,"2024-12-02 00:00:00",1
35242,8730,3364,"2024-12-26 00:00:00",2
35243,9797,2659,"2024-09-12 00:00:00",1
35244,9466,3157,"2024-08-16 00:00:00",2
35245,8478,3430,"2024-01-20 00:00:00",5
35246,7975,3183,"2024-09-26 00:00:00",3
35247,7915,2846,"2024-06-16 00:00:00",3
35248,8657,3234,"2024-04-08 00:00:00",1
35249,10269,3442,"2024-12-29 00:00:00",4
35250,9737,2728,"2024-06-03 00:00:00",4
35251,9171,2994,"2024-07-21 00:00:00",1
35252,9132,3249,"2024-06-04 00:00:00",4
35253,9391,2769,"2024-08-23 00:00:00",2
35254,8437,3484,"2024-03-22 00:00:00",5
35255,8632,3371,"2024-03-19 00:00:00",2
35256,8689,2752,"2024-06-28 00:00:00",5
35257,9212,3257,"2024-08-13 00:00:00",3
35258,9962,3192,"2024-06-22 00:00:00",5
35259,10072,2937,"2024-11-03 00:00:00",4
35260,8578,3267,"2024-12-28 00:00:00",1
35261,9671,3030,"2024-12-20 00:00:00",1
35262,9111,2795,"2024-08-17 00:00:00",4
35263,10205,3261,"2024-09-02 00:00:00",5
35264,9012,2860,"2025-01-04 00:00:00",2
35265,8717,3421,"2024-11-26 00:00:00",3
35266,9572,2831,"2024-11-30 00:00:00",1
35267,8636,2835,"2024-01-10 00:00:00",4
35268,8789,3045,"2024-06-05 00:00:00",5
35269,9463,3302,"2024-01-29 00:00:00",4
35270,9426,2760,"2024-05-11 00:00:00",1
35271,9873,2883,"2024-10-23 00:00:00",3
35272,8671,3210,"2024-02-27 00:00:00",3
35273,7944,3473,"2024-03-30 00:00:00",4
35274,9021,3346,"2024-03-24 00:00:00",5
35275,10104,2661,"2024-03-06 00:00:00",4
35276,9316,2791,"2024-06-11 00:00:00",4
35277,9175,3502,"2024-07-24 00:00:00",4
35278,9253,2871,"2024-01-11 00:00:00",2
35279,7997,2681,"2024-04-29 00:00:00",3
35280,9547,3067,"2024-07-31 00:00:00",4
35281,10126,3059,"2024-08-02 00:00:00",4
35282,9201,2684,"2024-07-27 00:00:00",3
35283,10251,3026,"2024-07-29 00:00:00",4
35284,9590,3204,"2024-10-24 00:00:00",3
35285,8906,3044,"2024-09-15 00:00:00",5
35286,9352,3091,"2024-12-09 00:00:00",2
35287,8104,3429,"2024-04-03 00:00:00",2
35288,8717,3191,"2024-06-09 00:00:00",4
35289,8132,2736,"2024-09-14 00:00:00",5
35290,9718,3343,"2024-06-06 00:00:00",4
35291,9287,2665,"2024-02-06 00:00:00",1
35292,7942,3245,"2024-10-05 00:00:00",4
35293,8345,2931,"2024-03-20 00:00:00",3
35294,8825,2654,"2024-01-17 00:00:00",1
35295,9151,3083,"2024-08-05 00:00:00",4
35296,10154,2954,"2024-11-17 00:00:00",1
35297,8239,3437,"2024-04-17 00:00:00",5
35298,9801,2858,"2024-07-25 00:00:00",2
35299,8748,2697,"2024-06-20 00:00:00",3
35300,8959,3500,"2024-04-20 00:00:00",1
35301,9148,3182,"2024-07-22 00:00:00",2
35302,8618,3333,"2024-04-11 00:00:00",5
35303,9846,2999,"2024-04-24 00:00:00",4
35304,7922,2929,"2024-07-17 00:00:00",5
35305,8019,3168,"2024-09-19 00:00:00",5
35306,9154,3340,"2024-10-30 00:00:00",5
35307,9543,2733,"2024-03-12 00:00:00",5
35308,8908,3005,"2024-05-21 00:00:00",4
35309,9853,3339,"2024-02-08 00:00:00",2
35310,9598,3400,"2024-05-03 00:00:00",1
35311,8343,2984,"2024-03-16 00:00:00",3
35312,8857,2829,"2024-09-27 00:00:00",1
35313,8166,3237,"2024-05-07 00:00:00",5
35314,8350,2819,"2024-12-08 00:00:00",2
35315,9462,3341,"2024-04-12 00:00:00",2
35316,8574,3071,"2024-02-03 00:00:00",4
35317,8804,2822,"2024-06-12 00:00:00",1
35318,7990,3125,"2024-09-15 00:00:00",4
35319,8133,3442,"2024-03-08 00:00:00",5
35320,8309,2771,"2024-04-22 00:00:00",3
35321,8017,3424,"2024-01-28 00:00:00",2
35322,8963,3075,"2024-08-18 00:00:00",5
35323,8139,3260,"2024-12-29 00:00:00",5
35324,8514,2656,"2024-08-06 00:00:00",1
35325,9164,3192,"2025-01-02 00:00:00",2
35326,9944,3371,"2024-08-21 00:00:00",3
35327,9522,3151,"2024-11-12 00:00:00",3
35328,8859,2717,"2024-03-06 00:00:00",5
35329,9558,3436,"2024-02-27 00:00:00",5
35330,8898,3421,"2024-10-11 00:00:00",5
35331,10133,2705,"2024-07-08 00:00:00",2
35332,10183,3002,"2024-12-21 00:00:00",2
35333,9290,2753,"2024-07-27 00:00:00",1
35334,8189,3437,"2024-04-21 00:00:00",3
35335,8545,3403,"2024-06-28 00:00:00",1
35336,8458,3312,"2024-10-12 00:00:00",2
35337,8252,3419,"2024-12-20 00:00:00",4
35338,9612,2971,"2024-09-18 00:00:00",1
35339,8562,3155,"2024-04-08 00:00:00",4
35340,10154,2869,"2024-03-28 00:00:00",4
35341,9592,2704,"2024-05-16 00:00:00",2
35342,10276,3071,"2024-02-27 00:00:00",5
35343,8259,2672,"2024-10-27 00:00:00",2
35344,8290,3085,"2024-07-18 00:00:00",5
35345,7859,3339,"2024-06-08 00:00:00",1
35346,9116,3206,"2024-05-18 00:00:00",5
35347,9225,3434,"2024-07-26 00:00:00",1
35348,10320,3028,"2024-11-18 00:00:00",3
35349,9652,2671,"2024-11-05 00:00:00",3
35350,8661,2944,"2024-02-10 00:00:00",5
35351,8576,3284,"2024-03-16 00:00:00",4
35352,8714,2847,"2024-02-05 00:00:00",3
35353,8959,2961,"2024-05-11 00:00:00",4
35354,8619,3136,"2024-07-02 00:00:00",4
35355,10244,3451,"2024-10-27 00:00:00",3
35356,8776,2891,"2024-08-22 00:00:00",4
35357,7936,3252,"2024-05-03 00:00:00",4
35358,8028,2658,"2024-02-20 00:00:00",3
35359,10302,2706,"2024-01-29 00:00:00",2
35360,8487,3465,"2024-01-10 00:00:00",1
35361,10234,2867,"2024-10-03 00:00:00",2
35362,8163,3459,"2024-08-08 00:00:00",4
35363,8629,3276,"2024-06-27 00:00:00",2
35364,8155,3365,"2025-01-08 00:00:00",4
35365,10334,3232,"2024-08-01 00:00:00",4
35366,8887,3317,"2024-06-14 00:00:00",3
35367,9684,3362,"2024-04-04 00:00:00",4
35368,9872,3093,"2024-07-24 00:00:00",4
35369,9163,3488,"2024-10-20 00:00:00",3
35370,8678,3265,"2024-11-03 00:00:00",3
35371,8217,3516,"2024-08-26 00:00:00",3
35372,8097,3160,"2024-08-08 00:00:00",3
35373,10018,2854,"2024-02-19 00:00:00",5
35374,7982,3368,"2024-09-13 00:00:00",5
35375,9500,3008,"2024-12-16 00:00:00",2
35376,9014,3108,"2024-07-26 00:00:00",5
35377,9223,2983,"2024-09-10 00:00:00",5
35378,10112,3498,"2024-03-24 00:00:00",3
35379,9581,3377,"2024-05-12 00:00:00",5
35380,8730,3300,"2024-11-24 00:00:00",3
35381,9776,2935,"2024-12-06 00:00:00",1
35382,9496,2763,"2024-02-26 00:00:00",1
35383,9507,3277,"2024-12-01 00:00:00",4
35384,9027,3363,"2024-10-09 00:00:00",4
35385,10083,2689,"2024-01-14 00:00:00",2
35386,8344,3259,"2024-08-26 00:00:00",3
35387,9764,2928,"2024-04-07 00:00:00",3
35388,8659,3175,"2024-12-29 00:00:00",5
35389,9793,3156,"2024-08-30 00:00:00",5
35390,8127,3080,"2024-04-05 00:00:00",2
35391,10237,3214,"2024-05-31 00:00:00",5
35392,9284,3024,"2025-01-08 00:00:00",1
35393,9884,2677,"2024-06-16 00:00:00",4
35394,8027,2740,"2024-07-04 00:00:00",4
35395,9794,2882,"2024-09-14 00:00:00",5
35396,7889,2921,"2024-12-30 00:00:00",3
35397,9144,3112,"2024-08-27 00:00:00",2
35398,8767,3267,"2024-05-23 00:00:00",3
35399,9073,3115,"2024-12-22 00:00:00",1
35400,9337,3280,"2024-10-21 00:00:00",3
35401,8127,2951,"2024-11-05 00:00:00",3
35402,9759,2708,"2024-03-20 00:00:00",2
35403,8783,3168,"2024-07-07 00:00:00",5
35404,7965,3345,"2024-06-12 00:00:00",1
35405,8645,3240,"2024-12-09 00:00:00",3
35406,7877,3166,"2024-04-20 00:00:00",4
35407,9793,3235,"2024-06-20 00:00:00",4
35408,8445,2958,"2024-03-20 00:00:00",1
35409,8359,2881,"2024-01-15 00:00:00",2
35410,7895,2671,"2024-03-26 00:00:00",3
35411,9002,2749,"2024-02-15 00:00:00",3
35412,9271,2657,"2024-02-20 00:00:00",3
35413,8580,3402,"2024-03-29 00:00:00",5
35414,8097,3453,"2024-06-12 00:00:00",4
35415,8717,2841,"2024-05-05 00:00:00",2
35416,8926,3014,"2024-07-18 00:00:00",4
35417,9019,3238,"2024-11-02 00:00:00",1
35418,8462,3204,"2024-11-18 00:00:00",2
35419,8540,2914,"2024-12-07 00:00:00",2
35420,9293,3335,"2024-07-21 00:00:00",4
35421,9645,2745,"2024-02-11 00:00:00",3
35422,8851,2648,"2024-11-03 00:00:00",5
35423,9010,3305,"2024-02-16 00:00:00",4
35424,8107,3510,"2024-01-18 00:00:00",1
35425,8606,3128,"2024-10-05 00:00:00",3
35426,8090,2984,"2024-12-03 00:00:00",3
35427,8377,2940,"2024-08-18 00:00:00",3
35428,10272,2998,"2024-09-08 00:00:00",1
35429,9728,2931,"2024-04-20 00:00:00",2
35430,8326,3049,"2024-10-21 00:00:00",1
35431,8513,2872,"2024-12-11 00:00:00",2
35432,9660,3316,"2024-06-16 00:00:00",2
35433,9484,2931,"2024-09-19 00:00:00",3
35434,8798,3385,"2024-05-01 00:00:00",3
35435,9760,3244,"2024-04-07 00:00:00",2
35436,9789,3366,"2024-11-20 00:00:00",4
35437,9506,2817,"2024-12-21 00:00:00",3
35438,9797,3050,"2024-01-17 00:00:00",3
35439,8450,3276,"2024-05-02 00:00:00",2
35440,8776,2842,"2024-08-12 00:00:00",3
35441,10315,3477,"2024-06-11 00:00:00",3
35442,8066,3107,"2024-12-09 00:00:00",5
35443,8513,3423,"2024-02-10 00:00:00",4
35444,9778,3028,"2024-05-19 00:00:00",5
35445,10151,2883,"2024-08-04 00:00:00",3
35446,9340,3185,"2025-01-05 00:00:00",1
35447,8629,3465,"2024-08-17 00:00:00",3
35448,9362,2802,"2024-12-30 00:00:00",5
35449,10124,3345,"2024-09-20 00:00:00",1
35450,9660,2822,"2024-02-04 00:00:00",1
35451,8467,3294,"2024-10-15 00:00:00",1
35452,8509,3133,"2024-09-30 00:00:00",5
35453,8880,3325,"2024-08-06 00:00:00",1
35454,10322,3461,"2024-02-24 00:00:00",1
35455,8048,3075,"2024-07-17 00:00:00",2
35456,8871,2821,"2024-06-18 00:00:00",3
35457,8977,3289,"2024-08-23 00:00:00",5
35458,8077,3054,"2024-04-20 00:00:00",2
35459,8463,2775,"2024-07-21 00:00:00",2
35460,9039,2867,"2024-11-19 00:00:00",5
35461,8965,3406,"2024-07-27 00:00:00",5
35462,9497,2681,"2024-11-02 00:00:00",5
35463,8679,3297,"2024-06-06 00:00:00",2
35464,10062,3500,"2024-06-16 00:00:00",2
35465,9621,3160,"2024-01-23 00:00:00",4
35466,9398,2987,"2024-12-20 00:00:00",5
35467,9234,2958,"2024-07-02 00:00:00",1
35468,10171,2922,"2024-11-30 00:00:00",4
35469,8342,3253,"2025-01-07 00:00:00",3
35470,8518,3472,"2024-08-14 00:00:00",2
35471,8371,2724,"2024-06-08 00:00:00",2
35472,9497,3379,"2024-05-11 00:00:00",4
35473,9132,3409,"2024-02-18 00:00:00",4
35474,10056,2972,"2024-12-03 00:00:00",3
35475,9827,3109,"2024-03-07 00:00:00",1
35476,9316,3174,"2024-03-03 00:00:00",2
35477,7934,2677,"2024-10-25 00:00:00",5
35478,8132,2913,"2024-01-11 00:00:00",5
35479,8498,2670,"2024-01-14 00:00:00",3
35480,8688,2724,"2024-01-12 00:00:00",5
35481,8643,3258,"2024-06-30 00:00:00",5
35482,8402,3457,"2024-07-05 00:00:00",1
35483,8114,2884,"2024-10-17 00:00:00",3
35484,9259,2817,"2024-12-17 00:00:00",2
35485,9436,2657,"2024-03-24 00:00:00",1
35486,8396,3361,"2024-11-11 00:00:00",1
35487,8690,3436,"2024-04-20 00:00:00",1
35488,8082,3021,"2024-12-03 00:00:00",3
35489,9234,3377,"2024-10-14 00:00:00",4
35490,8676,2790,"2024-03-31 00:00:00",2
35491,10260,2852,"2024-04-02 00:00:00",4
35492,10328,3348,"2024-04-29 00:00:00",1
35493,9980,3442,"2024-11-23 00:00:00",5
35494,7999,3121,"2024-02-03 00:00:00",2
35495,8178,2839,"2024-11-13 00:00:00",2
35496,9409,3167,"2024-09-16 00:00:00",2
35497,7966,2786,"2024-07-21 00:00:00",5
35498,8246,3004,"2024-08-11 00:00:00",4
35499,10119,3353,"2024-10-27 00:00:00",4
35500,8549,3274,"2024-12-04 00:00:00",4
35501,9096,3163,"2024-04-16 00:00:00",5
35502,8949,2868,"2024-01-19 00:00:00",2
35503,10167,3319,"2024-04-03 00:00:00",3
35504,8116,3281,"2024-04-11 00:00:00",4
35505,8143,3392,"2024-09-12 00:00:00",3
35506,9536,3185,"2024-04-09 00:00:00",3
35507,10267,3272,"2024-08-13 00:00:00",2
35508,8451,3494,"2024-11-12 00:00:00",3
35509,8234,3161,"2024-01-25 00:00:00",4
35510,9455,3007,"2024-05-16 00:00:00",1
35511,8459,2660,"2025-01-05 00:00:00",4
35512,9839,2763,"2024-12-24 00:00:00",3
35513,8853,3480,"2024-11-04 00:00:00",2
35514,9010,3190,"2024-03-20 00:00:00",1
35515,8507,2981,"2024-06-12 00:00:00",1
35516,9223,2707,"2024-11-02 00:00:00",3
35517,8665,3513,"2024-04-27 00:00:00",5
35518,8033,3175,"2024-06-05 00:00:00",2
35519,9524,2811,"2024-07-13 00:00:00",1
35520,9405,3219,"2024-11-08 00:00:00",2
35521,8767,2930,"2024-09-24 00:00:00",3
35522,9581,3286,"2024-07-04 00:00:00",2
35523,8485,2748,"2024-06-30 00:00:00",4
35524,8271,3271,"2024-07-07 00:00:00",2
35525,8417,2702,"2024-09-23 00:00:00",1
35526,9787,2690,"2024-08-11 00:00:00",3
35527,8608,2726,"2024-11-08 00:00:00",4
35528,9739,2949,"2024-01-13 00:00:00",5
35529,9177,3299,"2024-08-27 00:00:00",5
35530,9200,3474,"2024-11-06 00:00:00",2
35531,9080,2906,"2024-03-06 00:00:00",5
35532,8893,3275,"2024-11-24 00:00:00",2
35533,9394,3307,"2024-10-16 00:00:00",4
35534,10212,3504,"2024-04-07 00:00:00",4
35535,9794,3477,"2024-11-15 00:00:00",1
35536,9437,3510,"2024-06-30 00:00:00",1
35537,9631,3288,"2024-06-13 00:00:00",5
35538,10196,2717,"2024-12-24 00:00:00",2
35539,9917,2971,"2024-08-05 00:00:00",3
35540,9232,3029,"2024-12-03 00:00:00",2
35541,7874,2786,"2024-06-02 00:00:00",2
35542,8265,3411,"2024-09-15 00:00:00",2
35543,7966,2935,"2024-04-04 00:00:00",5
35544,8826,3479,"2024-09-28 00:00:00",5
35545,9924,3007,"2024-11-21 00:00:00",5
35546,10266,2820,"2024-08-02 00:00:00",2
35547,9288,2767,"2024-09-17 00:00:00",1
35548,10174,2816,"2024-03-31 00:00:00",4
35549,10065,3074,"2024-12-04 00:00:00",1
35550,9429,3430,"2024-06-16 00:00:00",5
35551,8345,3320,"2024-10-04 00:00:00",1
35552,10249,3095,"2024-11-07 00:00:00",3
35553,9981,3472,"2024-01-28 00:00:00",3
35554,8686,2811,"2024-03-04 00:00:00",2
35555,9755,3481,"2024-03-27 00:00:00",3
35556,9611,3411,"2024-04-20 00:00:00",1
35557,10317,2978,"2024-12-27 00:00:00",1
35558,9219,3018,"2024-10-25 00:00:00",5
35559,8600,3106,"2024-05-02 00:00:00",5
35560,9657,3420,"2024-06-08 00:00:00",5
35561,9448,3470,"2024-11-17 00:00:00",3
35562,9061,3219,"2024-02-26 00:00:00",3
35563,8769,3339,"2024-08-03 00:00:00",4
35564,9076,3294,"2024-09-10 00:00:00",1
35565,9403,3164,"2024-10-20 00:00:00",3
35566,9948,3176,"2024-07-31 00:00:00",4
35567,8516,3024,"2024-06-22 00:00:00",3
35568,10249,2923,"2024-07-14 00:00:00",4
35569,8049,3134,"2024-07-30 00:00:00",1
35570,9585,2775,"2024-05-25 00:00:00",5
35571,9228,2938,"2024-06-17 00:00:00",3
35572,9210,2795,"2024-04-01 00:00:00",1
35573,8470,3390,"2024-06-17 00:00:00",1
35574,8977,3267,"2024-04-12 00:00:00",3
35575,9625,3457,"2024-12-29 00:00:00",1
35576,8761,2784,"2024-12-09 00:00:00",3
35577,7969,2739,"2024-03-23 00:00:00",4
35578,8006,2931,"2024-06-13 00:00:00",5
35579,7968,3248,"2024-03-02 00:00:00",4
35580,9657,2773,"2024-12-27 00:00:00",1
35581,8728,2874,"2024-11-15 00:00:00",1
35582,8901,3009,"2024-10-21 00:00:00",5
35583,8150,2708,"2024-08-05 00:00:00",1
35584,9918,3326,"2024-07-05 00:00:00",5
35585,8482,2903,"2024-09-10 00:00:00",4
35586,9969,3080,"2024-03-03 00:00:00",1
35587,8889,3297,"2024-12-21 00:00:00",3
35588,9094,2867,"2024-10-26 00:00:00",5
35589,9684,2787,"2024-05-08 00:00:00",5
35590,7856,2743,"2024-08-27 00:00:00",4
35591,9073,2722,"2024-02-05 00:00:00",4
35592,8333,2860,"2024-07-13 00:00:00",1
35593,9306,3093,"2024-06-05 00:00:00",3
35594,9828,3497,"2024-03-02 00:00:00",1
35595,8684,3048,"2024-12-29 00:00:00",3
35596,10187,2838,"2024-10-03 00:00:00",3
35597,8051,2659,"2024-02-24 00:00:00",3
35598,8346,3236,"2024-12-21 00:00:00",5
35599,9009,2678,"2024-08-30 00:00:00",2
35600,7959,3384,"2024-02-28 00:00:00",1
35601,10060,3273,"2024-12-24 00:00:00",5
35602,8314,2758,"2024-03-22 00:00:00",5
35603,9575,3434,"2024-06-10 00:00:00",3
35604,8017,3363,"2024-12-11 00:00:00",2
35605,8504,3463,"2024-09-30 00:00:00",2
35606,9594,3372,"2024-02-05 00:00:00",5
35607,9651,3094,"2024-04-02 00:00:00",4
35608,10013,2802,"2024-11-11 00:00:00",3
35609,10247,3344,"2024-04-29 00:00:00",4
35610,8120,2933,"2024-01-29 00:00:00",4
35611,9039,3282,"2024-10-17 00:00:00",5
35612,8569,3181,"2024-06-15 00:00:00",1
35613,9458,3148,"2024-03-02 00:00:00",3
35614,8872,3359,"2024-11-25 00:00:00",5
35615,8267,3481,"2024-10-31 00:00:00",2
35616,8171,3447,"2024-06-29 00:00:00",5
35617,9301,3372,"2024-03-14 00:00:00",1
35618,9694,2848,"2024-02-10 00:00:00",1
35619,7916,2668,"2024-12-26 00:00:00",1
35620,9702,3121,"2024-09-27 00:00:00",5
35621,9073,2953,"2024-04-15 00:00:00",1
35622,9684,3453,"2024-10-03 00:00:00",4
35623,8482,3457,"2024-11-19 00:00:00",2
35624,9633,2729,"2024-11-14 00:00:00",5
35625,9352,3069,"2024-06-07 00:00:00",2
35626,8057,3382,"2024-06-24 00:00:00",3
35627,9766,3254,"2024-04-16 00:00:00",2
35628,8152,3431,"2024-11-10 00:00:00",2
35629,8133,3102,"2024-07-03 00:00:00",5
35630,7878,2944,"2024-07-29 00:00:00",2
35631,9586,2865,"2024-11-14 00:00:00",4
35632,9704,3258,"2024-02-11 00:00:00",1
35633,9397,3201,"2024-01-23 00:00:00",3
35634,8575,3226,"2025-01-08 00:00:00",3
35635,8296,3126,"2024-09-29 00:00:00",5
35636,8282,3341,"2024-04-09 00:00:00",3
35637,10222,3210,"2024-07-10 00:00:00",1
35638,9477,3073,"2024-03-23 00:00:00",3
35639,9435,3278,"2024-01-27 00:00:00",2
35640,9521,3128,"2024-05-21 00:00:00",4
35641,10169,3422,"2024-07-03 00:00:00",4
35642,9674,2924,"2024-03-25 00:00:00",1
35643,8645,2641,"2024-09-13 00:00:00",5
35644,8833,3139,"2024-06-25 00:00:00",2
35645,8406,2945,"2024-11-09 00:00:00",2
35646,7952,3346,"2024-12-20 00:00:00",4
35647,10129,3065,"2024-02-28 00:00:00",3
35648,7867,2796,"2024-09-22 00:00:00",4
35649,9530,2927,"2024-09-24 00:00:00",3
35650,9534,3132,"2024-02-20 00:00:00",5
35651,8388,2924,"2024-03-02 00:00:00",5
35652,9280,2877,"2024-02-24 00:00:00",4
35653,9449,2714,"2024-08-19 00:00:00",4
35654,10044,2969,"2024-09-27 00:00:00",1
35655,9138,2983,"2024-08-15 00:00:00",3
35656,9631,2997,"2024-06-17 00:00:00",5
35657,9709,3267,"2024-03-16 00:00:00",4
35658,8860,2812,"2024-01-24 00:00:00",1
35659,9662,2977,"2024-03-05 00:00:00",4
35660,9190,3118,"2024-08-20 00:00:00",1
35661,8384,2762,"2024-11-17 00:00:00",5
35662,9424,2768,"2024-12-09 00:00:00",2
35663,8471,3393,"2024-06-07 00:00:00",4
35664,9640,3268,"2024-04-24 00:00:00",4
35665,8462,2890,"2024-09-13 00:00:00",1
35666,9965,3032,"2024-10-27 00:00:00",2
35667,10209,3193,"2024-10-25 00:00:00",5
35668,10016,3424,"2024-10-05 00:00:00",2
35669,8078,3160,"2024-04-27 00:00:00",5
35670,10212,2769,"2024-10-29 00:00:00",4
35671,8472,2889,"2024-03-10 00:00:00",5
35672,8970,2857,"2024-12-22 00:00:00",3
35673,8970,2860,"2024-03-31 00:00:00",2
35674,9892,3147,"2024-06-20 00:00:00",5
35675,10156,2805,"2024-07-14 00:00:00",3
35676,10191,3403,"2024-05-15 00:00:00",5
35677,9352,2963,"2024-03-09 00:00:00",5
35678,7989,2921,"2024-09-25 00:00:00",5
35679,7972,3117,"2024-12-15 00:00:00",2
35680,8447,2887,"2024-10-07 00:00:00",5
35681,9414,2663,"2024-09-10 00:00:00",3
35682,10079,3002,"2024-07-23 00:00:00",5
35683,9933,2847,"2024-04-29 00:00:00",4
35684,8096,3086,"2024-03-22 00:00:00",2
35685,10110,3069,"2024-07-09 00:00:00",4
35686,9132,2987,"2024-06-23 00:00:00",1
35687,8603,3116,"2024-04-20 00:00:00",4
35688,9460,3008,"2024-10-18 00:00:00",5
35689,8175,2684,"2024-09-24 00:00:00",1
35690,9465,3303,"2024-09-30 00:00:00",2
35691,8120,2842,"2024-06-11 00:00:00",2
35692,9427,3115,"2024-06-09 00:00:00",3
35693,8849,2876,"2024-09-06 00:00:00",1
35694,9994,3047,"2024-06-27 00:00:00",2
35695,7957,3453,"2024-05-14 00:00:00",1
35696,8639,2669,"2024-09-08 00:00:00",4
35697,7888,2762,"2024-06-23 00:00:00",3
35698,8788,3464,"2024-07-26 00:00:00",3
35699,9036,2662,"2024-10-28 00:00:00",5
35700,10072,2884,"2024-10-20 00:00:00",4
35701,8453,3200,"2024-10-27 00:00:00",5
35702,8143,2840,"2024-07-31 00:00:00",4
35703,10297,3050,"2024-04-13 00:00:00",2
35704,9911,3369,"2024-10-27 00:00:00",3
35705,8873,2987,"2024-02-01 00:00:00",2
35706,8750,2702,"2025-01-01 00:00:00",4
35707,8024,2752,"2024-04-26 00:00:00",1
35708,8339,3094,"2024-04-22 00:00:00",3
35709,10317,2782,"2024-03-16 00:00:00",5
35710,8844,2721,"2024-05-30 00:00:00",5
35711,9737,2677,"2024-02-02 00:00:00",5
35712,8532,3458,"2024-12-05 00:00:00",1
35713,8625,3254,"2024-06-20 00:00:00",1
35714,9348,2796,"2024-08-27 00:00:00",2
35715,9011,3182,"2024-03-30 00:00:00",3
35716,8020,3398,"2024-05-25 00:00:00",1
35717,9524,3366,"2024-01-11 00:00:00",3
35718,10153,3494,"2024-07-11 00:00:00",1
35719,10128,2771,"2024-02-07 00:00:00",2
35720,9035,3218,"2024-10-26 00:00:00",2
35721,8005,2996,"2025-01-03 00:00:00",5
35722,8901,2980,"2024-02-07 00:00:00",1
35723,9351,3144,"2024-07-31 00:00:00",2
35724,9559,3373,"2024-12-26 00:00:00",1
35725,8858,3164,"2024-11-10 00:00:00",4
35726,8670,3306,"2024-04-19 00:00:00",2
35727,8926,3150,"2024-10-02 00:00:00",2
35728,8456,2857,"2024-09-09 00:00:00",1
35729,7865,3128,"2024-11-29 00:00:00",3
35730,10184,3274,"2024-02-09 00:00:00",1
35731,9662,3300,"2024-09-25 00:00:00",5
35732,8286,3492,"2024-12-06 00:00:00",1
35733,9678,2710,"2024-08-22 00:00:00",5
35734,10061,2656,"2024-08-15 00:00:00",5
35735,10065,3447,"2024-03-19 00:00:00",1
35736,9017,2714,"2024-03-25 00:00:00",3
35737,8576,2646,"2024-12-25 00:00:00",3
35738,8321,3421,"2024-04-18 00:00:00",1
35739,8065,3069,"2024-02-24 00:00:00",4
35740,9232,3300,"2024-02-21 00:00:00",3
35741,8436,3145,"2024-06-29 00:00:00",5
35742,9928,2956,"2024-07-03 00:00:00",1
35743,8085,2780,"2024-11-13 00:00:00",4
35744,9211,3455,"2024-01-10 00:00:00",2
35745,8435,3378,"2024-10-14 00:00:00",1
35746,8912,3095,"2024-08-10 00:00:00",2
35747,9258,2648,"2024-10-28 00:00:00",4
35748,9656,3266,"2024-12-02 00:00:00",4
35749,9213,2765,"2024-09-28 00:00:00",1
35750,9517,3372,"2024-07-01 00:00:00",3
35751,8909,3300,"2024-06-26 00:00:00",5
35752,8195,3259,"2024-06-24 00:00:00",5
35753,8890,3102,"2024-12-07 00:00:00",1
35754,9081,3270,"2025-01-02 00:00:00",2
35755,8663,3208,"2024-01-17 00:00:00",3
35756,8969,2827,"2024-06-25 00:00:00",5
35757,9855,2948,"2024-06-16 00:00:00",4
35758,9146,3074,"2024-01-20 00:00:00",3
35759,8320,3382,"2024-05-09 00:00:00",3
35760,8917,3159,"2024-09-13 00:00:00",5
35761,8717,3186,"2024-01-14 00:00:00",1
35762,7851,2812,"2024-07-03 00:00:00",3
35763,8746,2661,"2024-02-14 00:00:00",2
35764,9260,2691,"2025-01-03 00:00:00",3
35765,9587,2891,"2024-07-15 00:00:00",1
35766,9453,2701,"2024-07-07 00:00:00",4
35767,8338,3223,"2024-09-09 00:00:00",1
35768,7993,3453,"2024-04-17 00:00:00",3
35769,8237,3249,"2024-11-27 00:00:00",3
35770,9997,3001,"2024-09-06 00:00:00",2
35771,8898,3115,"2024-07-28 00:00:00",1
35772,9298,2751,"2024-07-11 00:00:00",5
35773,8474,3141,"2024-06-15 00:00:00",2
35774,9192,2913,"2024-09-21 00:00:00",4
35775,9447,3405,"2024-08-16 00:00:00",5
35776,8980,2783,"2024-09-23 00:00:00",3
35777,9133,2941,"2024-02-29 00:00:00",5
35778,8952,2643,"2024-11-13 00:00:00",1
35779,9873,2886,"2024-01-25 00:00:00",5
35780,8474,2713,"2024-05-18 00:00:00",3
35781,9585,3194,"2024-04-16 00:00:00",5
35782,9970,2696,"2025-01-04 00:00:00",5
35783,8650,2966,"2024-03-13 00:00:00",5
35784,8855,3473,"2024-02-14 00:00:00",5
35785,7913,2864,"2024-01-31 00:00:00",1
35786,7880,3482,"2024-06-07 00:00:00",5
35787,9639,2849,"2024-08-30 00:00:00",5
35788,7969,3112,"2024-02-10 00:00:00",1
35789,8085,3285,"2024-12-06 00:00:00",2
35790,8761,3340,"2024-05-12 00:00:00",3
35791,9622,3375,"2024-10-19 00:00:00",1
35792,9544,2735,"2024-03-01 00:00:00",3
35793,10200,3223,"2024-02-08 00:00:00",5
35794,9122,3290,"2024-02-13 00:00:00",4
35795,7914,3219,"2024-04-13 00:00:00",5
35796,9536,3263,"2024-04-21 00:00:00",1
35797,8439,3179,"2024-05-06 00:00:00",2
35798,8445,2961,"2024-11-11 00:00:00",4
35799,10039,3449,"2024-10-04 00:00:00",3
35800,9055,3216,"2025-01-02 00:00:00",1
35801,8691,3459,"2024-11-17 00:00:00",1
35802,8733,2835,"2024-09-14 00:00:00",3
35803,10193,2713,"2024-02-23 00:00:00",1
35804,10031,2794,"2024-01-28 00:00:00",2
35805,8401,2891,"2024-08-05 00:00:00",5
35806,9989,3221,"2024-05-17 00:00:00",4
35807,7931,3388,"2024-05-30 00:00:00",4
35808,9315,3408,"2024-02-19 00:00:00",5
35809,8926,2734,"2024-12-02 00:00:00",1
35810,10176,3494,"2024-11-13 00:00:00",1
35811,8382,2911,"2024-09-17 00:00:00",4
35812,8559,3356,"2024-04-17 00:00:00",3
35813,9651,2939,"2024-10-28 00:00:00",4
35814,9474,2774,"2024-09-14 00:00:00",5
35815,10210,3369,"2024-02-27 00:00:00",1
35816,8153,3490,"2024-09-08 00:00:00",1
35817,8481,3141,"2024-02-17 00:00:00",3
35818,8889,2897,"2024-04-07 00:00:00",1
35819,8839,2809,"2024-08-15 00:00:00",3
35820,9162,3138,"2024-03-16 00:00:00",1
35821,8184,3495,"2024-09-03 00:00:00",1
35822,8393,3318,"2024-01-24 00:00:00",1
35823,8620,3425,"2024-03-28 00:00:00",5
35824,7889,2843,"2024-09-19 00:00:00",1
35825,7983,3327,"2024-07-08 00:00:00",2
35826,10157,3249,"2025-01-01 00:00:00",3
35827,7872,2717,"2024-10-04 00:00:00",3
35828,8095,2922,"2024-07-12 00:00:00",3
35829,9793,2854,"2024-09-01 00:00:00",1
35830,8817,2678,"2024-02-01 00:00:00",1
35831,7892,2849,"2024-09-24 00:00:00",4
35832,8786,2891,"2024-09-06 00:00:00",2
35833,8442,3139,"2024-07-30 00:00:00",1
35834,8752,3373,"2024-09-14 00:00:00",3
35835,9890,3428,"2024-03-09 00:00:00",1
35836,9568,2996,"2024-10-28 00:00:00",3
35837,8634,2872,"2024-09-19 00:00:00",3
35838,8138,3192,"2024-10-18 00:00:00",5
35839,9458,3156,"2024-07-21 00:00:00",4
35840,10135,3485,"2024-04-15 00:00:00",5
35841,8217,3352,"2024-06-17 00:00:00",3
35842,9604,3120,"2024-12-11 00:00:00",1
35843,8979,3518,"2024-09-04 00:00:00",4
35844,8912,3322,"2024-08-03 00:00:00",5
35845,9457,3308,"2024-11-24 00:00:00",5
35846,7983,3444,"2024-10-15 00:00:00",1
35847,7997,2703,"2024-12-27 00:00:00",3
35848,8803,3158,"2024-11-13 00:00:00",2
35849,8038,3466,"2024-09-16 00:00:00",1
35850,9377,3496,"2024-07-31 00:00:00",4
35851,9000,2674,"2024-01-14 00:00:00",1
35852,10153,2885,"2024-04-03 00:00:00",3
35853,10093,3377,"2024-09-07 00:00:00",3
35854,8042,3157,"2024-06-25 00:00:00",3
35855,8113,2764,"2024-06-22 00:00:00",2
35856,8121,3078,"2024-03-05 00:00:00",1
35857,8995,3138,"2024-05-10 00:00:00",5
35858,8728,2797,"2024-11-18 00:00:00",1
35859,7856,3507,"2025-01-03 00:00:00",2
35860,10200,3504,"2024-04-03 00:00:00",1
35861,9625,2894,"2024-03-16 00:00:00",2
35862,9444,3076,"2024-02-20 00:00:00",1
35863,9534,3165,"2024-05-07 00:00:00",4
35864,8406,2805,"2024-06-28 00:00:00",2
35865,8370,2791,"2024-12-16 00:00:00",1
35866,8213,2659,"2024-07-09 00:00:00",1
35867,10113,2953,"2024-07-19 00:00:00",3
35868,9847,2852,"2025-01-01 00:00:00",5
35869,9604,3016,"2024-01-17 00:00:00",5
35870,8308,3006,"2024-12-03 00:00:00",2
35871,9321,2641,"2024-09-19 00:00:00",2
35872,8153,3449,"2024-08-19 00:00:00",2
35873,10131,2915,"2024-05-13 00:00:00",4
35874,9423,2760,"2024-10-12 00:00:00",1
35875,8156,2735,"2024-07-15 00:00:00",2
35876,9974,2729,"2024-07-30 00:00:00",4
35877,8407,2781,"2024-04-01 00:00:00",5
35878,7986,3394,"2024-12-15 00:00:00",1
35879,9931,2963,"2024-03-15 00:00:00",3
35880,8940,2879,"2024-05-20 00:00:00",2
35881,8712,3045,"2024-10-30 00:00:00",3
35882,8224,2831,"2024-06-22 00:00:00",1
35883,7873,2927,"2024-02-25 00:00:00",4
35884,9298,3338,"2024-10-16 00:00:00",2
35885,7995,3291,"2024-09-23 00:00:00",2
35886,9660,2812,"2024-10-16 00:00:00",3
35887,8017,3023,"2024-10-14 00:00:00",5
35888,9870,3261,"2024-05-22 00:00:00",3
35889,8031,2901,"2024-04-10 00:00:00",4
35890,9710,2942,"2024-07-23 00:00:00",2
35891,8250,2644,"2024-11-20 00:00:00",4
35892,10186,2917,"2024-06-03 00:00:00",2
35893,9113,3302,"2024-08-10 00:00:00",1
35894,8275,3299,"2024-09-18 00:00:00",4
35895,8506,2817,"2024-07-07 00:00:00",4
35896,8464,3489,"2024-11-28 00:00:00",5
35897,9650,2671,"2024-06-02 00:00:00",2
35898,7856,2804,"2024-07-18 00:00:00",3
35899,8969,3454,"2024-07-12 00:00:00",1
35900,9815,2978,"2024-05-11 00:00:00",4
35901,8038,2723,"2024-11-28 00:00:00",2
35902,9648,3195,"2024-10-25 00:00:00",3
35903,9451,3204,"2024-08-12 00:00:00",3
35904,10099,3001,"2024-05-10 00:00:00",4
35905,8669,3197,"2024-03-26 00:00:00",4
35906,9201,3089,"2024-10-22 00:00:00",4
35907,9893,3262,"2024-11-29 00:00:00",1
35908,9469,3345,"2024-07-18 00:00:00",3
35909,7884,3069,"2025-01-03 00:00:00",3
35910,8310,2678,"2024-10-09 00:00:00",5
35911,8859,2689,"2024-12-11 00:00:00",3
35912,8517,2953,"2024-12-30 00:00:00",1
35913,8478,2845,"2024-01-29 00:00:00",4
35914,7977,2706,"2025-01-05 00:00:00",2
35915,9651,2999,"2024-03-29 00:00:00",4
35916,8248,3339,"2024-12-07 00:00:00",5
35917,8817,3407,"2024-10-28 00:00:00",4
35918,9885,2819,"2024-08-09 00:00:00",5
35919,8267,3377,"2024-10-14 00:00:00",2
35920,8320,2923,"2024-04-18 00:00:00",3
35921,8703,3408,"2024-02-02 00:00:00",4
35922,10128,3130,"2024-03-02 00:00:00",5
35923,8792,3475,"2024-05-07 00:00:00",2
35924,8241,3078,"2024-02-02 00:00:00",2
35925,8960,3177,"2024-09-01 00:00:00",3
35926,7850,2944,"2024-04-30 00:00:00",4
35927,8490,3175,"2024-05-20 00:00:00",3
35928,9314,3270,"2024-03-29 00:00:00",2
35929,8044,3343,"2025-01-01 00:00:00",4
35930,9329,3372,"2024-08-31 00:00:00",2
35931,9776,3441,"2024-05-17 00:00:00",5
35932,7971,3191,"2024-07-07 00:00:00",1
35933,9904,3435,"2024-06-16 00:00:00",2
35934,8348,3156,"2024-08-01 00:00:00",1
35935,8832,3145,"2024-07-21 00:00:00",2
35936,9287,2980,"2024-12-25 00:00:00",2
35937,8182,3229,"2024-08-03 00:00:00",2
35938,9512,3391,"2024-11-17 00:00:00",5
35939,9026,2699,"2024-12-19 00:00:00",2
35940,8775,3231,"2024-12-17 00:00:00",4
35941,8466,3159,"2024-01-21 00:00:00",4
35942,8009,3006,"2024-08-18 00:00:00",5
35943,9274,2845,"2024-08-18 00:00:00",5
35944,10016,2961,"2024-06-09 00:00:00",1
35945,10333,3418,"2024-01-22 00:00:00",1
35946,9504,3480,"2024-06-20 00:00:00",1
35947,8532,2836,"2024-02-14 00:00:00",3
35948,7907,3139,"2024-12-13 00:00:00",1
35949,10328,3451,"2024-09-08 00:00:00",4
35950,10281,3372,"2024-04-27 00:00:00",1
35951,8854,2882,"2024-12-12 00:00:00",1
35952,9791,3226,"2024-11-14 00:00:00",3
35953,7989,2843,"2024-05-03 00:00:00",1
35954,8666,2818,"2024-08-09 00:00:00",1
35955,8334,2874,"2024-03-12 00:00:00",2
35956,10026,2915,"2024-03-26 00:00:00",3
35957,7980,2713,"2024-06-25 00:00:00",2
35958,9224,3519,"2024-12-27 00:00:00",4
35959,9749,3285,"2024-03-12 00:00:00",3
35960,8230,3024,"2025-01-06 00:00:00",2
35961,9451,3519,"2024-11-13 00:00:00",5
35962,8731,3427,"2024-05-20 00:00:00",4
35963,9332,3440,"2024-11-14 00:00:00",1
35964,8689,3190,"2024-11-01 00:00:00",1
35965,9389,2746,"2024-10-29 00:00:00",4
35966,8139,2789,"2024-05-30 00:00:00",4
35967,10230,3046,"2024-09-22 00:00:00",5
35968,10134,2959,"2024-06-15 00:00:00",4
35969,8838,3215,"2024-02-04 00:00:00",2
35970,9500,3187,"2024-03-08 00:00:00",1
35971,10264,3496,"2024-08-19 00:00:00",2
35972,8351,2678,"2024-01-30 00:00:00",4
35973,8533,3416,"2024-09-18 00:00:00",3
35974,9949,3006,"2025-01-07 00:00:00",1
35975,10016,2783,"2024-06-18 00:00:00",4
35976,8713,3220,"2024-02-07 00:00:00",1
35977,9620,3256,"2024-11-01 00:00:00",5
35978,8342,3277,"2024-11-22 00:00:00",1
35979,8852,2771,"2024-01-16 00:00:00",1
35980,9825,3208,"2024-07-28 00:00:00",4
35981,8437,3264,"2024-08-01 00:00:00",1
35982,9301,3155,"2024-02-26 00:00:00",4
35983,9123,2870,"2024-08-05 00:00:00",2
35984,8508,2737,"2024-12-31 00:00:00",5
35985,8709,3241,"2024-09-09 00:00:00",4
35986,10004,3422,"2024-04-11 00:00:00",2
35987,8400,2971,"2024-02-23 00:00:00",5
35988,9737,3382,"2024-01-30 00:00:00",2
35989,9033,3268,"2024-08-04 00:00:00",3
35990,8676,3138,"2024-04-07 00:00:00",1
35991,8954,3055,"2024-04-21 00:00:00",1
35992,9382,2831,"2024-06-10 00:00:00",2
35993,8959,3104,"2024-05-23 00:00:00",2
35994,10271,2894,"2024-11-10 00:00:00",4
35995,8775,2985,"2024-02-22 00:00:00",3
35996,9761,2864,"2024-09-24 00:00:00",5
35997,9400,2816,"2024-02-01 00:00:00",2
35998,9339,2782,"2024-04-13 00:00:00",2
35999,9644,2751,"2024-03-16 00:00:00",5
36000,8080,2654,"2024-03-03 00:00:00",5
